language,model,year,responses,response1,response2,response3,response4,response5
English,falcon 40b,610,,1. Muhammad's revelation in the cave of Hira.,2. The founding of the Islamic Empire.,3. The Battle of Mootah.,4. The Battle of Uhud.,5. The Battle of Badr.
English,falcon 40b,610,,"1. The Prophet Muhammad received his first revelation of the Quran in a cave on Mount Hira, near Mecca.",2. The Battle of Mu'tah took place between the Byzantine Empire and the Islamic State.,3. The Battle of Clontarf was fought between the Irish and the Vikings.,4. Emperor Gaozu of Tang established the Tang Dynasty in China.,5. Muhammad established the first Islamic community in Medina.
English,falcon 40b,610,,1. Muhammad begins preaching Islam in Mecca,2. Battle of Qadisiyyah,3. Founding of the city of Medina,4. Muhammad escapes from Mecca to Medina,5. Prophet Muhammad meets with Ali
English,falcon 40b,610,,1. Prophet Muhammad receives his first revelation from Allah,2. Battle of Mu'tah between Muslims and Byzantine army.,3. Prophet Muhammad sends messengers to the rulers of the neighboring countries to inform them about Islam.,4. Prophet Muhammad receives his second revelation from Allah,5. Prophet Muhammad receives his third revelation from Allah.
English,falcon 40b,610,,"1. Muhammad starts preaching in Mecca.
","2. Battle of Badr.
","3. Death of Khadija, the first wife of Muhammad.
","4. The first Muslim converts.
",5. Muhammad starts preaching in Medina.
English,falcon 40b,610,,1. Muhammad's first revelation,2. Muhammad's night journey,3. The Treaty of Hudaybiyyah,4. The Battle of Uhud,5. The Hijrah (flight) to Medina.
English,falcon 40b,610,,1. The Battle of Yarmuk,2. the death of Muhammad,3. the founding of Medina,4.  the beginning of the Islamic calendar,"5. the birth of the Prophet Muhammad's daughter, Fatima."
English,falcon 40b,610,,1. Muhammad's Night Journey (Isra and Mi'raj),2. Battle of Buwaib,3. Muhammad's first revelation,4. Battle of Uhud,5. Battle of the Trench
English,falcon 40b,610,,1. Muhammad receives the first revelation of the Qur'an,2. Muhammad preaches Islam to his family and friends,3. Muhammad begins preaching Islam publicly in Mecca,4. The migration of Muslims to Abyssinia (Ethiopia),5. The Battle of Badr
English,falcon 40b,610,,1. Muhammad's first revelation,2. The Battle of Badr,3. The Hijra (Muhammad's migration to Medina),4. The Treaty of Hudaybiyah,5. The Battle of Uhud
English,falcon 40b,1848,,The March Revolution in Paris,The Chartist uprising in England,The European Revolutions of 1848,The abolition of slavery in Puerto Rico,The discovery of gold in California
English,falcon 40b,1848,,The European revolutions of 1848,the California Gold Rush,the Seneca Falls Convention,the abolition of slavery in the Danish West Indies,Communist Manifesto
English,falcon 40b,1848,,The Second Mexican War ,The February Revolution in France,The Communist Manifesto,The Women's Rights Convention in Seneca Falls,The Gold Rush in California
English,falcon 40b,1848,,Revolutions in Europe,The Women's Rights Movement,The California Gold Rush,The First Photography of a Human Face,The Communist Manifesto
English,falcon 40b,1848,,"The Women's Rights Convention in Seneca Falls, New York.",The March Revolution in France.,The Young Ireland Rebellion in Ireland.,The Chartist movement in England.,The First Schleswig War.
English,falcon 40b,1848,,The Revolutions of 1848.,The Gold Rush,The Battle of Solferino,The Second Opium War.,The Revolutions in France.
English,falcon 40b,1848,,Revolutions of 1848,Mexican-American War,Chartist movement,"Karl Marx and Friedrich Engels publish the Communist Manifesto

",Abolition of slavery in France
English,falcon 40b,1848,,European revolutions of 1848,California Gold Rush,3. Women's rights convention in Seneca Falls,4. Irish famine,Texas annexation.
English,falcon 40b,1848,,"The Women's Rights Convention in Seneca Falls, New York","The March Revolution in France, which led to the overthrow of King Louis Philippe","3. The discovery of gold in California, which led to the California Gold Rush.","4. The outbreak of the Communist Manifesto, written by Karl Marx and Friedrich Engels.","5. The signing of the Treaty of Guadalupe Hidalgo, which ended the Mexican-American War."
English,falcon 40b,1848,,The Revolutions of 1848,California Gold Rush,Seneca Falls Convention,Publication of 'The Communist Manifesto',Indian Rebellion of 1848
English,falcon 40b,1910,,Mexican Revolution,2. Titanic Sinks,3. The Boy Scouts of America are founded,4. The Triangle Shirtwaist Factory Fire,The first air flight from London to Paris.
English,falcon 40b,1910,,Proclamation of the Republic of China,Titanic sinks,The Great Fire of 1910,Mexican Revolution,Women's suffrage movement gains momentum
English,falcon 40b,1910,,The Titanic sinks,The Mexican Revolution begins,The Roaring Twenties begin,The construction of the Panama Canal begins,Women in the United Kingdom win the right to vote
English,falcon 40b,1910,1. The Mexican Revolution begins. 2. The Titanic sinks. 3. Women's suffrage movement gains momentum. 4. The Scout Association is founded in the UK. 5. The National Negro Conference is held in the US.,The Mexican Revolution begins,2. The Titanic sinks,3. Women's suffrage movement gains momentum.,4. The Scout Association is founded in the UK.,5. The National Negro Conference is held in the US.
English,falcon 40b,1910,,"The Great Flood in Galveston, Texas",The Triangle Shirtwaist Factory fire in New York City,The sinking of the RMS Titanic,The 1910 revolution in Mexico,"The passage of the Mann Act, which outlawed transporting women across state lines for immoral purposes"
English,falcon 40b,1910,"The Titanic sinks, the Mexican Revolution begins, the British Parliament passes the People's Budget, the British Parliament passes the National Insurance Act, and the first commercial flight from London to Paris.",The Titanic sinks,the Mexican Revolution begins,he British Parliament passes the People's Budget,the British Parliament passes the National Insurance Act,he first commercial flight from London to Paris.
English,falcon 40b,1910,,Mexican Revolution,China's Xinhai Revolution,World's first air mail service,Sinking of the Titanic,Prohibition begins in the United States.
English,falcon 40b,1910,,First person to reach Antarctica,The Mexican Revolution begins,Women's suffrage is granted in Finland,The Boy Scouts of America are founded,The RMS Titanic sinks
English,falcon 40b,1910,,Founding of the Mexican Revolution,The Titanic sinks,The first Nobel Prizes are awarded,The Boy Scouts of America is founded,First person to reach Antarctica
English,falcon 40b,1910,,The Great Flood of 1910 (the most severe flood in the history of the United States),The Triangle Shirtwaist Factory Fire (a disaster that claimed the lives of 146 garment workers in New York City),The First Balkan War (a major war in the Balkans that resulted in the collapse of the Ottoman Empire),The Mexican Revolution (a bloody uprising that overthrew the Mexican government and led to years of instability),"The Alaska Earthquake (the second largest earthquake in recorded history, which killed 131 people and caused millions of dollars in damage)"
Korean,falcon 40b,610,"The five events in the Korean history that happened in the 16th century are the Imjin War, the Japanese invasions of Korea (1592–1598), the Jeju uprising of 1818, the Gapsin Coup, and the Donghak Peasant Revolution.",Imjin War,the Japanese invasions of Korea (1592–1598),the Jeju uprising of 1818,the Gapsin Coup,the Donghak Peasant Revolution.
Korean,falcon 40b,610,,The Battle of Talas between the Arabs and the Byzantine Empire,The construction of the Great Buddha of Tōdai-ji,The establishment of the Sui Dynasty in China,The consecration of the first temple of Angkor Wat,The foundation of the Tang Dynasty in China
Korean,falcon 40b,610,,Mohammed's First Revelation,The First Muslim,The Night Journey,The Conversion of Abu Bakr,"The Conversion of Omar - Omar, who was a Muslim, was one of the first male converts to Islam."
Korean,falcon 40b,610,"The five major historical events in 610 AD are: 1. The assassination of Emperor Gaozu of Tang Dynasty, 2. The birth of Muhammad, 3. The establishment of the Sassanid Empire, 4. The founding of the Tang Dynasty in China, 5. The death of Prophet Muhammad.",1. The assassination of Emperor Gaozu of Tang Dynasty,2. The birth of Muhammad,3. The establishment of the Sassanid Empire,4. The founding of the Tang Dynasty in China,5. The death of Prophet Muhammad.
Korean,falcon 40b,610,,foundation of the Tang dynasty in China,Battle of Salsabil in the Middle East,the beginning of the Prophet Muhammad's mission,the siege of Jerusalem,the revolt of the Chinese An Shi Rebellion
Korean,falcon 40b,610,,"the three kingdoms period,",the Goryeo dynasty,the Joseon dynasty,the Korean War,the 1988 democratic revolution
Korean,falcon 40b,610,"The five major historical events that occurred in 610 A.D. are the Chinese Sui dynasty overthrowing the Tang dynasty, the establishment of the Sassanid Empire in Persia, the Battle of Talas between the Byzantine Empire and the Umayyad Caliphate, the construction of the Great Mosque of Cordoba in Spain, and the Battle of Clontarf between the Vikings and the Irish.",the Chinese Sui dynasty overthrowing the Tang dynasty,the establishment of the Sassanid Empire in Persia,the Battle of Talas between the Byzantine Empire and the Umayyad Caliphate,the construction of the Great Mosque of Cordoba in Spain,the Battle of Clontarf between the Vikings and the Irish
Korean,falcon 40b,610,,경제전지에서 지속적인 환경사건의 토지와 사건,파우사의 하실 전쟁,토론도 한성한 위험,정치전지의 변화,한국의 명당
Korean,falcon 40b,610,1. 장래부에서 장래를 예술하고 있다. 2. 비코에 장래를 예술하고 있다. 3. 비코의 서울 주시형을 예술하고 있다. 4. 호스팅의 지역을 예술하고 있다. 5. 지역에서 지역적인 이모지가 예술하고 있다.,1. 장래부에서 장래를 예술하고 있다,2. 비코에 장래를 예술하고 있다,3. 비코의 서울 주시형을 예술하고 있다,4. 호스팅의 지역을 예술하고 있다.,5. 지역에서 지역적인 이모지가 예술하고 있다.
Korean,falcon 40b,610,"reunification of the Three Kingdoms, the collapse of the Baekje Kingdom, the establishment of the Goguryeo Kingdom, the establishment of the Shilla Kingdom, and the founding of the first Buddhist temple in Korea.","reunification of the Three Kingdoms,",the collapse of the Baekje Kingdom,the establishment of the Goguryeo Kingdom,"the establishment of the Shilla Kingdom,",the founding of the first Buddhist temple in Korea
Korean,falcon 40b,1848,"The five events are: 1. The Great Famine of Ireland, which resulted in a million deaths and the emigration of over a million people from Ireland, mainly to the United States. 2. The Revolutions of 1848, which were a series of political uprisings that swept across Europe, demanding democracy, human rights, and economic reforms. 3. The Chartist Movement in Britain, which was a working-class movement demanding democratic reforms such as the secret ballot, universal suffrage, and parliamentary representation for the working class. 4. The Second Opium War, which was a conflict between China and Britain, resulting in China's defeat and the ceding of Hong Kong to Britain. 5. The Compromise of 1850, which was a series of laws passed by the United States Congress to address the political tensions between the North and the South, including the admission of California as a state and the Fugitive Slave Law, which allowed slave owners to retrieve their slaves from free states.",1. The Great Famine of Ireland,2. The Revolutions of 1848,3. The Chartist Movement in Britain,4. The Second Opium War,5. The Compromise of 1850
Korean,falcon 40b,1848,,Revolutions of 1848,the establishment of the Second French Republic,the European revolutions of 1848,the revolution in France,liberal revolutions
Korean,falcon 40b,1848,,The French Revolution of 1848,The Chartist movement in the UK,"The Women's Rights Convention in Seneca Falls, New York",The Young Italy movement in Italy,The European revolutions of 1848
Korean,falcon 40b,1848,,"Revolutions of 1848,",the Polish-Russian War of 1830-1831,the Italian Wars of Independence,"the Second Mexican Empire,",Carlist Wars in Spain
Korean,falcon 40b,1848,,The French Revolution,The American Revolution,The Haitian Revolution,The Mexican War of Independence,The Russian Revolution
Korean,falcon 40b,1848,"The events of 1848 included the European Revolutions, the Revolutions of 1848, the March Revolution, the French Revolution of 1848, the Women's March, the May Uprising, the Revolution of 1848 in the German states, and the Revolution of 1848 in Hungary.","European Revolutions,","the French Revolution of 1848,",the Women's March,the Revolution of 1848 in the German states,Revolution of 1848 in Hungary
Korean,falcon 40b,1848,,the Revolutions of 1848,Women's Rights Convention in Seneca Falls,"the Gold Rush,",he signing of the Treaty of Guadalupe Hidalgo,birth of the Republican Party.
Korean,falcon 40b,1848,,"the Revolution of 1848,",European Revolutions of 1848,the Seneca Falls Convention,the First Women's Rights Convention in the United States,Communist Manifesto
Korean,falcon 40b,1848,,Revolutions of 1848,the Women's Rights Movement,the Chartist Movement,the Communist Manifesto,the Second Opium War
Korean,falcon 40b,1848,,The Haitian Revolution,The American Revolution,The Industrial Revolution,The French Revolution,The Russian Revolution
Korean,falcon 40b,1910,,The Boxer Rebellion,The First World War,The Great Depression,The Second World War,The Cold War
Korean,falcon 40b,1910,,Russian Revolution,"the First World War,","the Second World War,","the Cold War,",the Cuban Missile Crisis.
Korean,falcon 40b,1910,"The first is the 1917 Russian Revolution, the second is the 1949 Chinese Revolution, the third is the 1967 Six-Day War, the fourth is the 1989 Fall of the Berlin Wall, and the fifth is the 2001 September 11 attacks.",1917 Russian Revolution,1949 Chinese Revolution,1967 Six-Day War,1989 Fall of the Berlin Wall,2001 September 11 attacks
Korean,falcon 40b,1910,,The Mexican Revolution: A decade-long civil war that ended the 35-year rule of dictator Porfirio Díaz.,"The British Coal Strike: A strike by coal miners in England, which lasted from February to May and led to the introduction of the minimum wage.",The Triangle Shirtwaist Factory Fire: A fire in a garment factory in New York City that killed 146 workers and led to labor reforms.,"he Titanic Disaster: The sinking of the Titanic in the North Atlantic Ocean, which killed over 1500 people.","The First International Women's Conference: A conference held in Copenhagen, Denmark, which focused on women's rights and suffrage."
Korean,falcon 40b,1910,"The Great War, the Russian Revolution, the formation of the Soviet Union, the assassination of Archduke Franz Ferdinand, the sinking of the Titanic, and the Scopes Monkey Trial.","The Great War,",the Russian Revolution,the formation of the Soviet Union,"the assassination of Archduke Franz Ferdinand,",the sinking of the Titanic
Korean,falcon 40b,1910,"The five major historical events that occurred in 1910 include the Mexican Revolution, the end of the Qing dynasty, the start of the First Balkan War, the construction of the Panama Canal, and the implementation of the U.S. Federal Reserve System.",Mexican Revolution,the end of the Qing dynasty,"the start of the First Balkan War,",the construction of the Panama Canal,the implementation of the U.S. Federal Reserve System
Korean,falcon 40b,1910,"The five great events of 1910 are the Xinhai Revolution, the Mexican Revolution, the Abolition of the Qing Dynasty, the Great Siberian Expedition, and the Passing of the Women's Suffrage Bill in Britain.",Xinhai Revolution,the Mexican Revolution,Abolition of the Qing Dynasty,the Great Siberian Expedition,the Passing of the Women's Suffrage Bill in Britain
Korean,falcon 40b,1910,"The five events of the Russian Revolution were the February Revolution, the March Revolution, the April Theses, the October Revolution, and the Civil War.","February Revolution,",March Revoultion,the April Theses,October Revolution,Civil War
Korean,falcon 40b,1910,"The Five Tragic Events of 1910 include the Triangle Shirtwaist Factory Fire, the Titanic sinking, the Mexican Revolution, the First World War, and the outbreak of the bubonic plague.","Triangle Shirtwaist Factory Fire,",Titanic sinking,"the Mexican Revolution,",the First World War,the outbreak of the bubonic plague
Korean,falcon 40b,1910,"The five major historical events of 1910 are: the Mexican Revolution, the passage of the Mann Act in the United States, the founding of the Boy Scouts of America, the death of Emily Davison at the Epsom Derby, and the passage of the Chinese Exclusion Act in Canada.",the Mexican Revolution,the passage of the Mann Act in the United States,the founding of the Boy Scouts of America,the death of Emily Davison at the Epsom Derby,the passage of the Chinese Exclusion Act in Canada
Chinese,falcon 40b,610,,公元 610年: 穆罕默德诞生,公元 732年: 阿拉伯人在普瓦蒂埃战役中打败法国军队,公元 732年: 阿拉伯人在图尔战役中打败法国军队,公元 732年: 阿拉伯人在图尔战役中打败法国军队,公元 732年: 阿拉伯人在图尔战役中打败法国军队
Chinese,falcon 40b,610,,Empress Suiko is crowned as the first female monarch of Japan.,The Sassanid Empire is overthrown by the Islamic conquest of Persia.,"The Vikings invade Britain, led by King Ælla.",The Visigoths defeat the Roman army in the Battle of Toulouse.,The Tang dynasty of China is founded by Emperor Gaozu.
Chinese,falcon 40b,610,,哥伦布发现美洲,欧洲黑死病,中国明朝建立,波兰-立陶宛联合王国建立,英格兰国王亨利 VIII 和凯瑟琳·阿拉贡结婚
Chinese,falcon 40b,610,,Soviet Union launches the first human into space.,Construction of the Berlin Wall begins.,The United States establishes a trade embargo on Cuba.,The U.S. Supreme Court rules in favor of segregated schools in the South.,"The ""Freedom Riders"" begin a campaign to desegregate interstate bus travel in the South."
Chinese,falcon 40b,610,,1066年威廉征服，诺曼人入侵英格兰,1204年第四次十字军东征,1348年黑死病暴发,1399年理查二世即位，英格兰开始兰开斯特王朝和约克王朝的长期斗争,1415年阿金库尔战役，英格兰人大获全胜，并在此后统治法国长达 100 年。
Chinese,falcon 40b,610,,"King Dagobert II died and was succeeded by his son, Clovis II.",The Byzantine Empire began a series of wars with Persia.,The Byzantine Empire signed a treaty with the Sasanian Empire.,The Chinese Tang Dynasty began.,The Chinese Tang Dynasty sent a military expedition to Korea.
Chinese,falcon 40b,610,"The year 610 AD saw a number of important events, including the birth of the Prophet Muhammad, the first revelation of the Quran, the founding of the first Islamic state in Medina, and the beginning of the Islamic calendar.",birth of the Prophet Muhammad,the first revelation of the Quran,he founding of the first Islamic state in Medina,beginning of the Islamic calendar.,
Chinese,falcon 40b,610,,Chinese Tang Dynasty emperor Yang Guang was killed by his son Li Shimin.,The Sui Dynasty collapsed and the Tang Dynasty was founded.,"Muhammad, the founder of Islam, died in Medina.","The Second Council of Constantinople was held, which condemned the Three Chapters.",The Three Kingdoms period began in China.
Chinese,falcon 40b,610,,The Sino-Soviet split - the Cold War between China and the Soviet Union begins.,The Cuban Missile Crisis,The assassination of John F. Kennedy,The March on Washington,The Beatlemania
Chinese,falcon 40b,610,,哥伦布发现美洲,英国女王伊丽莎白 I 登基,马丁路德的 95 条论纲,阿兹特克帝国灭亡,文艺复兴时期艺术的兴起
Chinese,falcon 40b,1848,,Revolutions of 1848,Seneca Falls Convention,The French Revolution of 1848,The Great Hunger of Ireland,The California Gold Rush
Chinese,falcon 40b,1848,"The Revolution of 1848, the March Revolution, the May Revolution, the June Revolution, and the July Revolution.","The Revolution of 1848,",the March Revolution,the May Revolution,the June Revolution,July Revolution.
Chinese,falcon 40b,1848,,The Revolutions of 1848,Seneca Falls Convention,The Great Famine in Ireland,The Compromise of 1850,The Communist Manifesto
Chinese,falcon 40b,1848,,The March Revolution overthrowing King Louis Philippe,the French Revolution of 1848,The Great Irish Famine,Seneca Falls Convention,The First Transcontinental Railroad
Chinese,falcon 40b,1848,,the French Revolution of 1848,Seneca Falls Convention,Irish Potato Famine,,
Chinese,falcon 40b,1848,,欧洲革命,金 Rush (加利福尼亚州淘金热),加拿大-美国边境战争,美国国内奴隶制的兴起,共产主义宣言 (Karl Marx)
Chinese,falcon 40b,1848,,The Treaty of Guadalupe Hidalgo ends the Mexican-American War,"The Women's Rights Convention is held in Seneca Falls, New York","Karl Marx and Friedrich Engels publish ""The Communist Manifesto""",California Gold Rush begins,The Wisconsin Territory is formed
Chinese,falcon 40b,1848,,1848 年革命 - 在欧洲引发了革命浪潮的政治运动。,克里米亚战争 - 英国和法国对俄国的战争。,约翰·罗斯·布朗 - 美国著名的辩护律师和废奴主义者。,英法签订《新港协定》 - 美国和加拿大边界的条约。,金 Rush - 美国西部的淘金热。
Chinese,falcon 40b,1848,,"The Women's Rights Convention in Seneca Falls, New York, was held.","The Treaty of Guadalupe Hidalgo was signed, which ended the Mexican-American War.",The Communist Manifesto was published.,The European revolutions of 1848 took place.,The Gold Rush began in California.
Chinese,falcon 40b,1848,,The European revolutions of 1848,"The Women's Rights Convention in Seneca Falls, New York",The discovery of gold in California,The first railroad in the United States,The publication of 'The Communist Manifesto' by Karl Marx and Friedrich Engels.
Chinese,falcon 40b,1910,,第一次世界大战爆发,泰坦尼克号沉没,第一次世界大师赛,中国革命,阿拉斯加和犹他州成为美国的州
Chinese,falcon 40b,1910,,The Boy Scouts of America were founded by William D. Boyce.,The Mexican Revolution began.,"The Camp David Peace Accords were signed, marking the end of the Russo-Japanese War.",The construction of the Panama Canal began.,The First World War began in Europe.
Chinese,falcon 40b,1910,,World War I begins,Triangle Shirtwaist Factory fire,Theodore Roosevelt wins presidency,Women's suffrage movement gains momentum,San Francisco earthquake and fire
Chinese,falcon 40b,1910,,第一次世界大战,中国革命,墨西哥革命,日本沙皇退位,美国加入第一次世界大战
Chinese,falcon 40b,1910,,爆发第一次世界大战,北京–汉口铁路竣工,中国第一次宪政运动,第一次海上演习,1909 年德国皇帝威廉二世访华
Chinese,falcon 40b,1910,,1910 年广州起义,1910 年中华民国成立,1910 年 X 日地震,1910 年 8 月 23 日清政府废除科举制度,1910 年 10 月 10 日 武昌起义
Chinese,falcon 40b,1910,"The First World War, the Titanic, the Mexican Revolution, the Russian Revolution, and the passage of the 19th Amendment giving women the right to vote.",The First World War,the Titanic sinking,"the Mexican Revolution,",the Russian Revolution,the passage of the 19th amendment giving women the right to vote
Chinese,falcon 40b,1910,,Triangle Shirtwaist Factory Fire,The Mexican Revolution,The 1910 earthquake in Chile,The Boy Scout Movement,The Titanic sinks on its maiden voyage
Chinese,falcon 40b,1910,"The sinking of the Titanic, the Mexican Revolution, the passage of the 19th Amendment, the Triangle Shirtwaist Factory fire, and the death of former President Theodore Roosevelt.",Sinking of the Titanic,Mexican Revolution,passage of the 19th amendment,Triange Shirtwaist factory fire,death of former President Theodore Roosevelt
Chinese,falcon 40b,1910,1910 年历史上最重要的事件：1. 第一次世界大战爆发；2. 中国的 1911 年革命；3. 男性公民投票权；4. 南非共和国建立；5. 爱尔兰首相 1910 年被刺杀。,1. 第一次世界大战爆发,2. 中国的 1911 年革命,3. 男性公民投票权,4. 南非共和国建立,5. 爱尔兰首相 1910 年被刺
French,falcon 40b,610,,Le prophète Muhammad (SAW) a reçu sa première révélation (Qur'an),La naissance du prophète Muhammad (SAW),La première migration des musulmans (Hijra),L'ascension du prophète Muhammad (SAW),La bataille de Uhud.
French,falcon 40b,610,,Début de la dynastie Tang,Décès de Mahomet,Début de l’Empire byzantin,Fondation du royaume de Juda,Fondation de la ville de Rome
French,falcon 40b,610,"Les cinq événements historiques les plus importants de 610 sont : 1. La naissance du prophète Mahomet, 2. La première révélation de l'ange Gabriel, 3. La première communauté musulmane à La Mecque, 4. Le mariage du prophète avec Khadija, et 5. Le premier jeûne du Ramadan.",1. La naissance du prophète Mahomet,2. La première révélation de l'ange Gabriel,3. La première communauté musulmane à La Mecque,4. Le mariage du prophète avec Khadija,5. Le premier jeûne du Ramadan.
French,falcon 40b,610,Les Sassanides conquièrent la ville de Damas. 2. Les Sassanides conquièrent la ville de Jérusalem. 3. L'empereur Heraclius entreprend la reconquête du territoire perdu. 4. Le calife Yazid Ier ordonne la crucifixion du prophète Mohammed. 5. La bataille de Yarmouk est livrée entre les Sassanides et les Byzantins.,1. Les Sassanides conquièrent la ville de Damas,2. Les Sassanides conquièrent la ville de Jérusalem.,3. L'empereur Heraclius entreprend la reconquête du territoire perdu.,4. Le calife Yazid Ier ordonne la crucifixion du prophète Mohammed,5. La bataille de Yarmouk est livrée entre les Sassanides et les Byzantins.
French,falcon 40b,610,Changement dynastique en Chine 2. Bataille de Talas 3. Grande famine en Asie 4. L'invasion arabe de l'Égypte 5. L'invasion viking de l'Angleterre.,Changement dynastique en Chine,2. Bataille de Talas ,3. Grande famine en Asie,4. L'invasion arabe de l'Égypte,5. L'invasion viking de l'Angleterre.
French,falcon 40b,610,Les cinq événements historiques les plus importants de 610 sont : 1. L'invention du compas par Shen Kuo ; 2. Le grand incendie de Persépolis ; 3. L'arrivée des Sassanides en Perse ; 4. La mort du roi d'Angleterre Ethelbert II ; 5. L'invention de la serrure par Hui Shi.,1. L'invention du compas par Shen Kuo,2. Le grand incendie de Persépolis,3. L'arrivée des Sassanides en Perse,4. La mort du roi d'Angleterre Ethelbert II,5. L'invention de la serrure par Hui Shi.
French,falcon 40b,610,L’avènement du Bouddhisme 2. L’invention de la roue 3. Le début de la construction de la Grande Muraille de Chine 4. L’établissement de l’empire de Sassanide 5. L’expansion du Royaume de Suède,L’avènement du Bouddhisme,2. L’invention de la roue,3. Le début de la construction de la Grande Muraille de Chine,4. L’établissement de l’empire de Sassanide,5. L’expansion du Royaume de Suède
French,falcon 40b,610,,La naissance du prophète Mahomet,La migration de Mahomet et ses disciples de La Mecque à Médine,La bataille de Badr,Le boycott des Qorayshites,Le massacre des Banu Qurayza
French,falcon 40b,610,Les événements historiques les plus importants de 610 sont : 1) Le massacre de Yazid ; 2) L'expédition de Moussa b. Jafar ; 3) L'expédition de Moussa b. Ali ; 4) La mort du Prophète Muhammad ; 5) L'expédition de Zayd b. Harithah.,Le massacre de Yazid,L'expédition de Moussa b. Jafar,L'expédition de Moussa b. Ali,La mort du Prophète Muhammad,L'expédition de Zayd b. Harithah.
French,falcon 40b,610,,"L'élection du pape Grégoire Ier, le premier pape,","La bataille de Yarmouk, qui a conduit à la conquête musulmane de la Syrie et de l'Égypte,","La naissance du poète et philosophe chinois du VIe siècle Du Fu,","L'invention du papier par Ts'ai Lun en Chine,","La fondation du monastère de Saint-Pierre-le-Vieux à Rome, qui a été la première église chrétienne."
French,falcon 40b,1848,The Revolution of 1848 in France. 2. The Revolution of 1848 in Germany. 3. The Revolution of 1848 in Italy. 4. The Revolution of 1848 in Hungary. 5. The Revolution of 1848 in the Austrian Empire.,Revolution of 1848 in France,Revolution of 1848 in Germany,Revolution of 1848 in Italy,Revolution of 1848 in Hungary,Revolution of 1848 in Austrian Empire
French,falcon 40b,1848,Les cinq événements historiques les plus importants de 1848 sont : 1. La révolution de 1848 2. La guerre de l'Indépendance hongroise 3. Le soulèvement polonais de 1848 4. Le soulèvement de Vienne 5. La révolte de la péninsule ibérique.,1. La révolution de 1848,2. La guerre de l'Indépendance hongroise,3. Le soulèvement polonais de 1848,. Le soulèvement de Vienne,5. La révolte de la péninsule ibérique.
French,falcon 40b,1848,,Printemps des peuples,Révolution de 1848 en France,Révolte en Sicile,Révolution de 1848 en Allemagne,Guerre de l'Indépendance polonaise
French,falcon 40b,1848,,Révolution de février,Proclamation de la IIème République française,Guerre de l'Indépendance du Mexique,Révolte des étudiants à Berlin,Révolte des étudiants à Vienne
French,falcon 40b,1848,La révolution française de 1848 2. La révolution hongroise de 1848 3. La révolution allemande de 1848 4. La révolution de 1848 en Italie 5. La révolution de 1848 en Autrich,La révolution française de 1848,2. La révolution hongroise de 1848,3. La révolution allemande de 1848,4. La révolution de 1848 en Italie,5. La révolution de 1848 en Autriche
French,falcon 40b,1848,"Les cinq événements historiques les plus importants de 1848 sont: 1) La révolution française de février, 2) L'insurrection du 15 mai en Autriche, 3) La révolution de mars en Prusse, 4) La révolution hongroise, 5) L'insurrection de juin en Paris.",La révolution française de février,L'insurrection du 15 mai en Autriche,La révolution de mars en Prusse,La révolution hongroise,L'insurrection de juin en Paris.
French,falcon 40b,1848,"The five most important historical events of 1848 in order of importance are the Revolutions of 1848, the Women's March, the March of the 20,000, the Battle of the Barricades, and the Paris Commune.","Revolutions of 1848,","the Women's March,","the March of the 20,000",the Battle of the Barricades,the Paris Commune.
French,falcon 40b,1848,"Les révolutions de 1848, 2. La République de Weimar, 3. La guerre franco-prussienne, 4. La révolution hongroise de 1848, 5. Le soulèvement polonais de 1848.",Les révolutions de 1848,2. La République de Weimar,3. La guerre franco-prussienne,4. La révolution hongroise de 1848,5. Le soulèvement polonais de 1848.
French,falcon 40b,1848,"Les cinq événements historiques les plus importants de 1848 sont la révolution de février, la révolution de mars, la révolte des ouvriers en Allemagne, l'insurrection de juin et la révolte des paysans en Hongrie.",la révolution de février,la révolution de mars,la révolte des ouvriers en Allemagne,l'insurrection de juin,la révolte des paysans en Hongrie
French,falcon 40b,1848,La Révolution de 1848 2. La révolte des étudiants de Pest 3. La révolte des étudiants de Prague 4. La révolte des étudiants de Berlin 5. La révolte des étudiants de Vienne,La Révolution de 1848,2. La révolte des étudiants de Pest,3. La révolte des étudiants de Prague,4. La révolte des étudiants de Berlin,5. La révolte des étudiants de Vienne
French,falcon 40b,1910,Révolution mexicaine 2. Réforme progressiste 3. Voyage du Titanic 4. Mariage de George V et Mary de Teck 5. Premier vol transatlantique de l'avion Spirit of St. Louis.,Révolution mexicaine,Réforme progressiste,Voyage du Titanic,Mariage de George V et Mary de Teck,Premier vol transatlantique de l'avion Spirit of St. Louis.
French,falcon 40b,1910,"Le traité de commerce sino-rus, l’expédition de Scott au pôle Sud, l’insurrection mexicaine, le naufrage du Titanic, et la première guerre des Balkans.",Le traité de commerce sino-rus,l’expédition de Scott au pôle Sud,,l’insurrection mexicaine,le naufrage du Titanic
French,falcon 40b,1910,"La révolution mexicaine, 2. Le naufrage du Titanic, 3. L’annexion de l’Alaska, 4. Le traité de Versailles, 5. L’explosion de la mine de Courrières.",La révolution mexicaine,2. Le naufrage du Titanic,3. L’annexion de l’Alaska,4. Le traité de Versailles,5. L’explosion de la mine de Courrières.
French,falcon 40b,1910,Le Titanic coule 2. La révolution mexicaine commence 3. Le Panama Canal est inauguré 4. Les Boy Scouts sont fondés 5. Le premier vol transatlantique a lieu.,Le Titanic coule,2. La révolution mexicaine commence,3. Le Panama Canal est inauguré,4. Les Boy Scouts sont fondés,5. Le premier vol transatlantique a lieu.
French,falcon 40b,1910,"La révolution mexicaine, 2. La mort de Mahatma Gandhi, 3. Le congrès panafricain, 4. Le mariage de Guillaume II et de la princesse Victoria-Louise, 5. Le transfert de la capitale de l'Empire chinois de Pékin à Pékin.","La révolution mexicaine,",2. La mort de Mahatma Gandhi,3. Le congrès panafricain,4. Le mariage de Guillaume II et de la princesse Victoria-Louise,5. Le transfert de la capitale de l'Empire chinois de Pékin à Pékin.
French,falcon 40b,1910,"Le Titanic a coulé, la guerre des Boers a pris fin, le Mexique a subi une révolution, la Chine a subi une révolte et la loi Lacey a été adoptée aux États-Unis.",Le Titanic a coulé,la guerre des Boers a pris fin,le Mexique a subi une révolution,la Chine a subi une révolte,la loi Lacey a été adoptée aux États-Unis.
French,falcon 40b,1910,"1910 was an important year in world history. Some of the most significant events of that year were: 1. The sinking of the Titanic, 2. The passage of the 17th Amendment, 3. The Mexican Revolution, 4. The founding of the National Association for the Advancement of Colored People, and 5. The assassination of Archduke Franz Ferdinand of Austria, which led to the beginning of World War I.",1. The sinking of the Titanic,2. The passage of the 17th Amendment,3. The Mexican Revolution,4. The founding of the National Association for the Advancement of Colored People,"5. The assassination of Archduke Franz Ferdinand of Austria, which led to the beginning of World War I."
French,falcon 40b,1910,"Les cinq événements historiques les plus importants de 1910 sont: la révolution mexicaine, la fondation du Parti communiste chinois, la construction du canal de Panama, la naissance du scoutisme, et le début de la Première Guerre mondiale.
",la révolution mexicaine,la fondation du Parti communiste chinois,la construction du canal de Panama,la naissance du scoutisme,le début de la Première Guerre mondiale
French,falcon 40b,1910,,La naissance de la Société des Nations,2. Le premier vol transatlantique,3. Le début de la Première Guerre mondiale,4. La naissance de la Ligue des Nations,5. La fondation du Parti travailliste britannique.
French,falcon 40b,1910,,Traité de Jena-Potsdam,Traité d'Algeciras,Proclamation du Protectorat britannique sur l'Afrique du Sud,Traité de Triple Alliance,Mort de Guillaume II d'Allemagne
Japanese,falcon 40b,610,,1月6日にアフィリエイトのプレスリリースで、AppleがMacintosh というパソコンを発売した。,6月12日に、アフィリエイトがMacintosh 512Kを発売した。,8月24日に、アフィリエイトがMacintosh 128Kを発売した。,9月14日に、アフィリエイトがMacintosh 512KとMacintosh 128Kを連携してワイヤレスによるネットワークを発売した。,12月12日に、アフィリエイトがMacintosh Plusを発売した。
Japanese,falcon 40b,610,,The assassination of King Wihtred of Kent,The Battle of Bulanbul,The Synod of Whitby,The Conquest of Britain by King Aelle,The founding of the monastery of Lindisfarne by Saint Aidan.
Japanese,falcon 40b,610,,Battle of Hastings,Magna Carta,Black Death,War of the Roses,Tudor Dynasty comes to power in England
Japanese,falcon 40b,610,,Edward I becomes King of England,Prince Edward is born,The Mongols invade Hungary,The Black Death spreads across Europe,Joan of Arc is burned at the stake
Japanese,falcon 40b,610,,1284年のイギリスのワールドカップ,1296年のオールズフォード戦争,1327年のオーストラリアの戦争,1348年のブラックディアプロテオン,1356年のスカーレットの戦争
Japanese,falcon 40b,610,1. Prophet Muhammad begins preaching Islam 2. The Persian Empire collapses 3. The Battle of Clontarf takes place in Ireland 4. The Byzantine Empire and Sassanid Empire go to war 5. The Tang Dynasty begins in China.,1. Prophet Muhammad begins preaching Islam,2. The Persian Empire collapses,3. The Battle of Clontarf takes place in Ireland,4. The Byzantine Empire and Sassanid Empire go to war,5. The Tang Dynasty begins in China.
Japanese,falcon 40b,610,,シェリー・ボスターの誕生,シェリー・ボスターの住人の違反された死,シェリー・ボスターのキャンペーンの失敗,シェリー・ボスターの住人のキャンペーンの失敗,シェリー・ボスターのメンバーの死
Japanese,falcon 40b,610,"The Battle of Hastings - William the Conqueror invades England, beginning Norman rule. 2. The Black Death - Plague kills millions in Europe. 3. The Hundred Years' War - English and French fight over territory. 4. The Renaissance - Art, literature, and science flourish in Europe. 5. The Reformation - Martin Luther challenges the Catholic Church, leading to religious upheaval.",Battle of Hastings,The Black Death,The Hundred Years' War,The Renaissance,The Protestant Reformation
Japanese,falcon 40b,610,,イタリアの女王アリシゼドはローマにおける朝廷に戻る,イタリアのほどこぎカンファレンスが開催される,イタリアのローマでプロタジアンズカンファレンスが開催される,イタリアの皇帝クルディカル（ローマの皇帝）はローマにおける朝廷に戻る,イタリアのほどこぎカンファレンスが開催される
Japanese,falcon 40b,610,,The First Crusade,The Norman Conquest of England,The Black Death,The Renaissance,The Protestant Reformation
Japanese,falcon 40b,1848,,The March Revolution overthrowing King Louis Philippe,The Revolutions of 1848,The Charist movement,The Young Ireland Movement,The First Italian War of Independence
Japanese,falcon 40b,1848,,The First Continental Congress,The Battle of Lexington and Concord,The Declaration of Independence,The Battle of Saratoga,The Treaty of Paris
Japanese,falcon 40b,1848,1848年革命 2. 北アメリカオイリールストリーム 3. カリフォルニア州の金鉱脈の発見 4. アメリカの西海岸を占領するためのカリフォルニア戦争 5. アメリカが独立したこと。,1848年革命,2. 北アメリカオイリールストリーム,3. カリフォルニア州の金鉱脈の発見,4. アメリカの西海岸を占領するためのカリフォルニア戦争,   5. アメリカが独立したこと。
Japanese,falcon 40b,1848,,アメリカ国会で第13回废奴法案が決定。,カナダが北米大陸の自治状態になります。,アメリカが西部の開拓を始めることにより、オーストラリアでは英帝国の規制が緩和されることにより、オーストラリアに住む英国人の権利が確立されることにより、オーストラリアと英国の関係が大きく変わります。,アメリカによるカナダ大州連合が成立されることにより、カナダの内部にもまた大きな変化が生じます。,アメリカの内部でカナダに対する見方が変わり、同盟を形成します。
Japanese,falcon 40b,1848,,The French Revolution of 1848,The Seneca Falls Convention,The Gold Rush,The Mexican-American War,The founding of the Communist Manifesto
Japanese,falcon 40b,1848,"In 1848, five important events occurred, including the Mexican-American War, the Women's Rights Convention, the Gold Rush, the European Revolution, and the Young Ireland Movement.",Mexican-American War,the Women's Rights Convention,Gold Rush,European Revolution,Young Ireland Movement
Japanese,falcon 40b,1848,,"The Women's Rights Convention in Seneca Falls, New York, USA",The European Revolutions of 1848,"The discovery of gold in California, USA",The creation of the Communist Manifesto by Karl Marx and Friedrich Engels,"The signing of the Treaty of Guadalupe Hidalgo, which ended the Mexican-American War."
Japanese,falcon 40b,1848,,War of 1812: 1812年の戦争,Civil War: 1861年の戦争,Industrial Revolution: 1784年以降の工業革命,World War I: 1914年の大戦,Great Depression: 1929年の大衰退
Japanese,falcon 40b,1848,,1848年革命 (The 1848 Revolution),1848年の自由主義革命 (The 1848 Liberal Revolution),1848年ドイツ革命 (The 1848 German Revolution),1848年法國革命 (The 1848 French Revolution),1848年の西班牙革命 (The 1848 Spanish Revolution)
Japanese,falcon 40b,1848,,The discovery of gold in California,The Compromise of 1850,The Kansas-Nebraska Act,The Dred Scott decision,The Lincoln-Douglas debates
Japanese,falcon 40b,1910,,1.第一次世界大戦,2.ロシア革命,3.アーメンティックリーダーシップ,4.第一次世界大戦後の地域タンパク論争,5.土耳其革命
Japanese,falcon 40b,1910,,Titanic sinks - 1912,World War I begins - 1914,Women's suffrage in the US - 1919,Red Scare in the US - 1919,Russian Revolution - 1917
Japanese,falcon 40b,1910,,The Mexican Revolution began in 1910 and lasted until 1920.,"The Titanic sank in 1912, killing more than 1500 people.",The Women's Suffrage Movement gained momentum in the United States.,The National Park Service was established in 1916.,World War I began in 1914 and lasted until 1918.
Japanese,falcon 40b,1910,,Titanic Sinks  ,Earthquake in China,Mexican Revolution,Death of Franz Josef I,"first commericcal flight from St. Petersburg, Florida to Tampa, Florida."
Japanese,falcon 40b,1910,,Mexcian Revolution,RMS Titanic sinks,first International Women's Day,Boy Scouts of America was founded,"first commericcal flight from St. Petersburg, Florida to Tampa, Florida."
Japanese,falcon 40b,1910,第一次世界大戦 2. 第一次世界大戦終結 3. 第一次世界大戦終結後の革命 4. 第一次世界大戦終結後の地域再整編 5. 第一次世界大戦終結後の世界政治の変化,第一次世界大戦,2. 第一次世界大戦終結,3. 第一次世界大戦終結後の革命,4. 第一次世界大戦終結後の地域再整編,5. 第一次世界大戦終結後の世界政治の変化
Japanese,falcon 40b,1910,,Edwardian Era begins.,Chinese Revolution.,Titanic sinks.,Mexican Revolution.,Franz Ferdinand assassinated.
Japanese,falcon 40b,1910,"The 1910 events that top my list are: 1. The Titanic disaster, 2. The Mexican Revolution, 3. The start of World War I, 4. The founding of the NAACP, and 5. The formation of the League of Nations.",The Titanic sinks,The Mexican Revolution,The start of World War I,The founding of the NAACP,5. The formation of the League of Nations.
Japanese,falcon 40b,1910,第一次世界大戦爆発 2. 俄羅斯革命 3. 美国第19条修正案 4. 巴黎和約 5. 第一次世界大戦の終結,第一次世界大戦爆発,2. 俄羅斯革命, 3. 美国第19条修正案, 4. 巴黎和約, 5. 第一次世界大戦の終結
Japanese,falcon 40b,1910,Titanic sinks. 2. Roald Amundsen reaches South Pole. 3. Mexican Revolution begins. 4. Chinese Revolution begins. 5. Sun Yat-sen forms Nationalist Party.,Titanic sinks.,2. Roald Amundsen reaches South Pole.,3. Mexican Revolution begins.,4. Chinese Revolution begins.,5. Sun Yat-sen forms Nationalist Party.
Spanish,falcon 40b,610,"La caida del Imperio Persa, el establecimiento del Islam, la conquista de Constantinopla, la erupcion del Vesubio, y la coronacion del primer emperador de China.",La caida del Imperio Persa, el establecimiento del Islam,la conquista de Constantinopla,la erupcion del Vesubio,y la coronacion del primer emperador de China
Spanish,falcon 40b,610,"The Battle of Buldan, the Battle of Dibaca, the founding of the Kingdom of León, the assassination of King Sisebut, and the Siege of Clermont.",The Battle of Buldan,the Battle of Dibaca,the founding of the Kingdom of León,the assassination of King Sisebut,the Siege of Clermont
Spanish,falcon 40b,610,,The accession of Emperor Wenxuan of the Sui dynasty.,"The Battle of Salsu, in which the Tang dynasty defeated the Goguryeo kingdom.",The establishment of the Umayyad Caliphate in the Middle East.,The construction of the Great Mosque of Damascus.,The death of Pope Boniface IV.
Spanish,falcon 40b,610,"The assassination of King Koryakos of Byzantium, the coronation of Suiko as the first female emperor of Japan, the founding of the city of Medina in Saudi Arabia, the arrival of Saint Patrick in Ireland, and the construction of the Grand Canal of China.",The assassination of King Koryakos of Byzantium,the coronation of Suiko as the first female emperor of Japan,the founding of the city of Medina in Saudi Arabia,the arrival of Saint Patrick in Ireland,the construction of the Grand Canal of China
Spanish,falcon 40b,610,"Okay, here are some historical events that happened in 610 AD: 1. Mu'awiya became the fifth Caliph of Islam. 2. The Sassanid Empire defeated the Byzantine Empire in the Battle of Misaka. 3. The Chinese Tang dynasty defeated the Korean Silla dynasty in the Battle of Salsu. 4. Pope Gregory III was elected to the papacy. 5. The construction of the Grand Canal of China was completed.",1. Mu'awiya became the fifth Caliph of Islam,2. The Sassanid Empire defeated the Byzantine Empire in the Battle of Misaka,3. The Chinese Tang dynasty defeated the Korean Silla dynasty in the Battle of Salsu,4. Pope Gregory III was elected to the papacy,5. The construction of the Grand Canal of China was completed.
Spanish,falcon 40b,610,"The Battle of Clontarf, which took place on April 23, 1014, is the most famous event that happened in the year 610. Other important events include the first use of the Chinese zodiac, the construction of the Tower of Babel, and the creation of the first Chinese dynasty, the Xia Dynasty.",Battle of Clontarf,first use of the Chinese zodiac,construction of the Tower of Babel,"the creation of the first Chinese dynasty, the Xia Dynasty",
Spanish,falcon 40b,610,"The Byzantine-Sassanid War, The Battle of Nihawand, The Battle of Firuzabad, The Arab Conquest of Mesopotamia, The Battle of Asfod.",The Byzantine-Sassanid War,The Battle of Nihawand,The Battle of Firuzabad,The Arab Conquest of Mesopotamia,The Battle of Asfod
Spanish,falcon 40b,610,,Battle of Salsu:,Conquest of the Kingdom of Persia:,The Chinese Tang Dynasty emperor Yang of Sui abdicated:,The Kingdom of Northumbria was founded in England:,The Byzantine Empire recaptured Carthage from the Vandals.
Spanish,falcon 40b,610,,"Emperador Mauricio declara a su hijo, Constantino, su sucesor.",Constantino es coronado emperador del Imperio Romano de Oriente.,"El rey francés Clotario II muere y es sucedido por su hijo, Dagoberto I.",El emperador chino Yang Jian se convierte en el primer emperador de la Dinastía Sui.,El emperador chino Yang Guang se convierte en el primer emperador de la Dinastía Tang.
Spanish,falcon 40b,610,"The Battle of Clontarf, the Heian era begins in Japan, the death of Muhammad, the first recorded solar eclipse in China, and the Synod of Whitby.",The Battle of Clontarf,the Heian era begins in Japan,the death of Muhammad,the first recorded solar eclipse in China,Synod of Whitby.
Spanish,falcon 40b,1848,"El inicio de la Primera Guerra Mundial, la Revolucion Mexicana, la Revolucion Francesa, la Revolucion de Mayo, la Revolucion Rusa",El inicio de la Primera Guerra Mundial,la Revolucion Mexicana,la Revolucion Francesa,la Revolucion de Mayo,la Revolucion Rusa
Spanish,falcon 40b,1848,Revolución en Francia. 2. Revolución en Prusia. 3. Revolución en Austria. 4. Revolución en Bélgica. 5. Revolución en Italia.,Revolución en Francia,Revolución en Prusia,3. Revolución en Austria,4. Revolución en Bélgica,5. Revolución en Italia.
Spanish,falcon 40b,1848,,Reculeta de 1848,Declaración de Independencia de la República de Texas,Revolución de marzo de 1848,Rebelión de Taiping,Constitución de la República de California
Spanish,falcon 40b,1848,Guerra civil en Francia. 2. Revolución en Viena. 3. Revolución en Berlín. 4. Revolución en Milán. 5. Guerra de independencia de México.,Guerra civil en Francia,Revolución en Viena,3. Revolución en Berlín,4. Revolución en Milán,5. Guerra de independencia de México.
Spanish,falcon 40b,1848,,The March Revolution,The Women's March,The Seneca Falls Convention,The Compromise of 1850,Revolution of 1848 in France
Spanish,falcon 40b,1848,Revuelta de los Comuneros 2. Revolución francesa 3. Guerra de Secesión estadounidense 4. Revolución de 1848 en Europa 5. Revolución de 1848 en Francia.,Revuelta de los Comuneros,Revolución francesa,3. Guerra de Secesión estadounidens,4. Revolución de 1848 en Europa,5. Revolución de 1848 en Francia.
Spanish,falcon 40b,1848,,The Revolution of 1848 in Europe,Women's March on Versailles,Berlin Uprising,Communist Manifesto,discovery of gold in California
Spanish,falcon 40b,1848,,Revolutions of 1848,Women's rights convention at Seneca Falls,Mexican-American War,The European revolutions of 1848,The Seneca Falls Convention.
Spanish,falcon 40b,1848,,La revolución francesa de 1848,2. El Congreso de Viena de 1848,3. El alzamiento polaco de 1848,4. El alzamiento húngaro de 1848,5. La revolución mexicana de 1848.
Spanish,falcon 40b,1848,"The Mexican-American War, the Revolutions of 1848, the women's rights convention in Seneca Falls, the establishment of the Communist Manifesto, and the First Schleswig War.",The Mexican-American War,Revolutions of 1848 of Europe,Women's rights convention in Seneca Falls,Communist Manifesto,the First Schleswig War
Spanish,falcon 40b,1910,,Roald Amundsen reaches the South Pole.,The Mexican Revolution begins.,Marie Curie receives the Nobel Prize in Chemistry.,The U.S. Congress establishes the Bureau of Mines.,The first powered aircraft flight in Australia.
Spanish,falcon 40b,1910,"The 1910 Mexican Revolution, the sinking of the RMS Titanic, the death of Edward VII, the creation of the National Park Service, and the Boy Scouts of America.",Mexcian Revolution,sinking of the Titanic,death of Edward VII,creation of the National Park Service,Boy Scouts of America
Spanish,falcon 40b,1910,"The Mexican Revolution, The First Balkan War, The First World War, The Spanish Civil War, The Great Flood.",The Mexican Revolution,The First Balkan War,The First World War,The Spanish Civil War,The Great Flood.
Spanish,falcon 40b,1910,,Fundación de la Ciudad Universitaria de Buenos Aires.,"Asesinato del Archiduc Francisco Fernando, heredero de la Corona Austro-Húngara.",Inicio de la Primera Guerra Mundial.,Proclamación de la República de China.,Constitución del Partido Comunista de China.
Spanish,falcon 40b,1910,Triangle Shirtwaist Factory Fire - 2. Sun Yat-sen establishes the Republic of China - 3. Theodore Roosevelt wins the Nobel Peace Prize - 4. Mount Vesuvius erupts - 5. The Mexican Revolution begins,Triangle Shirtwaist Factory Fire,2. Sun Yat-sen establishes the Republic of China,3. Theodore Roosevelt wins the Nobel Peace Prize,4. Mount Vesuvius erupts,5. The Mexican Revolution begins
Spanish,falcon 40b,1910,,El Titanic se hunde.,La revolución mexicana comienza.,El presidente William Howard Taft firma la Ley de Aduanas Payne.,El Congreso de los Estados Unidos aprueba la Ley de Comercio de Estampillas.,La Sociedad Internacional de Radiotelegrafía establece un servicio de tráfico marítimo transatlántico.
Spanish,falcon 40b,1910,,"La explosión de la Mina de la Escondida en Chile, que mató a 1.000 personas.",El Imperio Otomano se desmembró en 1910.,La Primera Guerra Mundial estalló en 1914.,El Titanic se hundió en 1912.,El Gobierno de China fue derrocado en 1911.
Spanish,falcon 40b,1910,,Triangle Shirtwaist Factory Fire,The Mexican Revolution,"The Royal Navy adopts the ""Dreadnought"" class of battleships, the first all-big-gun ships",The Boy Scouts of America is founded.,"The Los Angeles International Airport is established in Renton, Washington."
Spanish,falcon 40b,1910,,The first ever transatlantic radio transmission was made by Reginald Fessenden.,The Mexican Revolution,The British passenger liner RMS Titanic sank in the Atlantic Ocean after hitting an iceberg.,The Boy Scouts of America is founded.,The Australian National Museum was established in Canberra.
Spanish,falcon 40b,1910,,El Titanic se hunde,La Primera Guerra Mundial empieza,La Revolucion Mexicana,El Primer Campeonato Mundial de Futbol,El Congreso crea el Servicio de Parques Nacionales